"","Date","AK","AL","AR","AZ","CA","CO","CT","DC","DE","FL","GA","HI","IA","ID","IL","IN","KS","KY","LA","MA","MD","ME","MI","MN","MO","MS","MT","NC","ND","NE","NH","NJ","NM","NV","NY","OH","OK","OR","PA","RI","SC","SD","TN","TX","UT","VA","VT","WA","WI","WV","WY"
"1",2020-01-24,0,0,0,0,0,0,0,0,0,0,0,0,0,0,1,0,0,0,0,0,0,0,0,0,0,0,0,0,0,0,0,0,0,0,0,0,0,0,0,0,0,0,0,0,0,0,0,0,0,0,0
"2",2020-01-25,0,0,0,0,0,0,0,0,0,0,0,0,0,0,0,0,0,0,0,0,0,0,0,0,0,0,0,0,0,0,0,0,0,0,0,0,0,0,0,0,0,0,0,0,0,0,0,0,0,0,0
"3",2020-01-26,0,0,0,1,2,0,0,0,0,0,0,0,0,0,0,0,0,0,0,0,0,0,0,0,0,0,0,0,0,0,0,0,0,0,0,0,0,0,0,0,0,0,0,0,0,0,0,0,0,0,0
"4",2020-01-27,0,0,0,0,0,0,0,0,0,0,0,0,0,0,0,0,0,0,0,0,0,0,0,0,0,0,0,0,0,0,0,0,0,0,0,0,0,0,0,0,0,0,0,0,0,0,0,0,0,0,0
"5",2020-01-28,0,0,0,0,0,0,0,0,0,0,0,0,0,0,0,0,0,0,0,0,0,0,0,0,0,0,0,0,0,0,0,0,0,0,0,0,0,0,0,0,0,0,0,0,0,0,0,0,0,0,0
"6",2020-01-29,0,0,0,0,0,0,0,0,0,0,0,0,0,0,0,0,0,0,0,0,0,0,0,0,0,0,0,0,0,0,0,0,0,0,0,0,0,0,0,0,0,0,0,0,0,0,0,0,0,0,0
"7",2020-01-30,0,0,0,0,0,0,0,0,0,0,0,0,0,0,0,0,0,0,0,0,0,0,0,0,0,0,0,0,0,0,0,0,0,0,0,0,0,0,0,0,0,0,0,0,0,0,0,0,0,0,0
"8",2020-01-31,0,0,0,0,1,0,0,0,0,0,0,0,0,0,1,0,0,0,0,0,0,0,0,0,0,0,0,0,0,0,0,0,0,0,0,0,0,0,0,0,0,0,0,0,0,0,0,0,0,0,0
"9",2020-02-01,0,0,0,0,0,0,0,0,0,0,0,0,0,0,0,0,0,0,0,1,0,0,0,0,0,0,0,0,0,0,0,0,0,0,0,0,0,0,0,0,0,0,0,0,0,0,0,0,0,0,0
"10",2020-02-02,0,0,0,0,0,0,0,0,0,0,0,0,0,0,0,0,0,0,0,0,0,0,0,0,0,0,0,0,0,0,0,0,0,0,0,0,0,0,0,0,0,0,0,0,0,0,0,0,0,0,0
"11",2020-02-03,0,0,0,0,3,0,0,0,0,0,0,0,0,0,0,0,0,0,0,0,0,0,0,0,0,0,0,0,0,0,0,0,0,0,0,0,0,0,0,0,0,0,0,0,0,0,0,0,0,0,0
"12",2020-02-04,0,0,0,0,0,0,0,0,0,0,0,0,0,0,0,0,0,0,0,0,0,0,0,0,0,0,0,0,0,0,0,0,0,0,0,0,0,0,0,0,0,0,0,0,0,0,0,0,0,0,0
"13",2020-02-05,0,0,0,0,0,0,0,0,0,0,0,0,0,0,0,0,0,0,0,0,0,0,0,0,0,0,0,0,0,0,0,0,0,0,0,0,0,0,0,0,0,0,0,0,0,0,0,0,0,0,0
"14",2020-02-06,0,0,0,0,0,0,0,0,0,0,0,0,0,0,0,0,0,0,0,0,0,0,0,0,0,0,0,0,0,0,0,0,0,0,0,0,0,0,0,0,0,0,0,0,0,0,0,0,0,0,0
"15",2020-02-07,0,0,0,0,0,0,0,0,0,0,0,0,0,0,0,0,0,0,0,0,0,0,0,0,0,0,0,0,0,0,0,0,0,0,0,0,0,0,0,0,0,0,0,0,0,0,0,0,0,0,0
"16",2020-02-08,0,0,0,0,0,0,0,0,0,0,0,0,0,0,0,0,0,0,0,0,0,0,0,0,0,0,0,0,0,0,0,0,0,0,0,0,0,0,0,0,0,0,0,0,0,0,0,0,0,0,0
"17",2020-02-09,0,0,0,0,0,0,0,0,0,0,0,0,0,0,0,0,0,0,0,0,0,0,0,0,0,0,0,0,0,0,0,0,0,0,0,0,0,0,0,0,0,0,0,0,0,0,0,0,0,0,0
"18",2020-02-10,0,0,0,0,0,0,0,0,0,0,0,0,0,0,0,0,0,0,0,0,0,0,0,0,0,0,0,0,0,0,0,0,0,0,0,0,0,0,0,0,0,0,0,0,0,0,0,0,0,0,0
"19",2020-02-11,0,0,0,0,1,0,0,0,0,0,0,0,0,0,0,0,0,0,0,0,0,0,0,0,0,0,0,0,0,0,0,0,0,0,0,0,0,0,0,0,0,0,0,0,0,0,0,0,0,0,0
"20",2020-02-12,0,0,0,0,0,0,0,0,0,0,0,0,0,0,0,0,0,0,0,0,0,0,0,0,0,0,0,0,0,0,0,0,0,0,0,0,0,0,0,0,0,0,0,0,0,0,0,0,0,0,0
"21",2020-02-13,0,0,0,0,1,0,0,0,0,0,0,0,0,0,0,0,0,0,0,0,0,0,0,0,0,0,0,0,0,0,0,0,0,0,0,0,0,0,0,0,0,0,0,0,0,0,0,0,0,0,0
"22",2020-02-14,0,0,0,0,0,0,0,0,0,0,0,0,0,0,0,0,0,0,0,0,0,0,0,0,0,0,0,0,0,0,0,0,0,0,0,0,0,0,0,0,0,0,0,0,0,0,0,0,0,0,0
"23",2020-02-15,0,0,0,0,0,0,0,0,0,0,0,0,0,0,0,0,0,0,0,0,0,0,0,0,0,0,0,0,0,0,0,0,0,0,0,0,0,0,0,0,0,0,0,0,0,0,0,0,0,0,0
"24",2020-02-16,0,0,0,0,0,0,0,0,0,0,0,0,0,0,0,0,0,0,0,0,0,0,0,0,0,0,0,0,0,0,0,0,0,0,0,0,0,0,0,0,0,0,0,0,0,0,0,0,0,0,0
"25",2020-02-17,0,0,0,0,0,0,0,0,0,0,0,0,0,0,0,0,0,0,0,0,0,0,0,0,0,0,0,0,0,0,0,0,0,0,0,0,0,0,0,0,0,0,0,0,0,0,0,0,0,0,0
"26",2020-02-18,0,0,0,0,0,0,0,0,0,0,0,0,0,0,0,0,0,0,0,0,0,0,0,0,0,0,0,0,0,0,0,0,0,0,0,0,0,0,0,0,0,0,0,0,0,0,0,0,0,0,0
"27",2020-02-19,0,0,0,0,0,0,0,0,0,0,0,0,0,0,0,0,0,0,0,0,0,0,0,0,0,0,0,0,0,0,0,0,0,0,0,0,0,0,0,0,0,0,0,0,0,0,0,0,0,0,0
"28",2020-02-20,0,0,0,0,0,0,0,0,0,0,0,0,0,0,0,0,0,0,0,0,0,0,0,0,0,0,0,0,0,0,0,0,0,0,0,0,0,0,0,0,0,0,0,0,0,0,0,0,0,0,0
"29",2020-02-21,0,0,0,0,2,0,0,0,0,0,0,0,0,0,0,0,0,0,0,0,0,0,0,0,0,0,0,0,0,0,0,0,0,0,0,0,0,0,0,0,0,0,0,0,0,0,0,0,0,0,0
"30",2020-02-22,0,0,0,0,0,0,0,0,0,0,0,0,0,0,0,0,0,0,0,0,0,0,0,0,0,0,0,0,0,0,0,0,0,0,0,0,0,0,0,0,0,0,0,0,0,0,0,0,0,0,0
"31",2020-02-23,0,0,0,0,0,0,0,0,0,0,0,0,0,0,0,0,0,0,0,0,0,0,0,0,0,0,0,0,0,0,0,0,0,0,0,0,0,0,0,0,0,0,0,0,0,0,0,0,0,0,0
"32",2020-02-24,0,0,0,0,0,0,0,0,0,0,0,0,0,0,0,0,0,0,0,0,0,0,0,0,0,0,0,0,0,0,0,0,0,0,0,0,0,0,0,0,0,0,0,0,0,0,0,0,0,0,0
"33",2020-02-25,0,0,0,0,0,0,0,0,0,0,0,0,0,0,0,0,0,0,0,0,0,0,0,0,0,0,0,0,0,0,0,0,0,0,0,0,0,0,0,0,0,0,0,0,0,0,0,0,0,0,0
"34",2020-02-26,0,0,0,0,0,0,0,0,0,0,0,0,0,0,0,0,0,0,0,0,0,0,0,0,0,0,0,0,0,0,0,0,0,0,0,0,0,0,0,0,0,0,0,0,0,0,0,0,0,0,0
"35",2020-02-27,0,0,0,0,1,0,0,0,0,0,0,0,0,0,0,0,0,0,0,0,0,0,0,0,0,0,0,0,0,0,0,0,0,0,0,0,0,0,0,0,0,0,0,0,0,0,0,0,0,0,0
"36",2020-02-28,0,0,0,0,0,0,0,0,0,0,0,0,0,0,0,0,0,0,0,0,0,0,0,0,0,0,0,0,0,0,0,0,0,0,0,0,0,0,0,0,0,0,0,0,0,0,0,0,0,0,0
"37",2020-02-29,0,0,0,0,1,0,0,0,0,0,0,0,0,0,0,0,0,0,0,0,0,0,0,0,0,0,0,0,0,0,0,0,0,0,0,0,0,1,0,0,0,0,0,0,0,0,0,6,0,0,0
"38",2020-03-01,0,0,0,0,0,0,0,0,0,0,0,0,0,0,1,0,0,0,0,0,0,0,0,0,0,0,0,0,0,0,0,0,0,0,0,0,0,0,0,1,0,0,0,0,0,0,0,4,0,0,0
"39",2020-03-02,0,0,0,0,9,0,0,0,0,1,0,0,0,0,1,0,0,0,0,0,0,0,0,0,0,0,0,0,0,0,1,0,0,0,1,0,0,2,0,1,0,0,0,0,0,0,0,7,0,0,0
"40",2020-03-03,0,0,0,0,4,0,0,0,0,1,2,0,0,0,0,0,0,0,0,1,0,0,0,0,0,0,0,1,0,0,1,0,0,0,1,0,0,0,0,0,0,0,0,0,0,0,0,9,0,0,0
"41",2020-03-04,0,0,0,0,10,0,0,0,0,0,0,0,0,0,0,0,0,0,0,0,0,0,0,0,0,0,0,0,0,0,0,0,0,0,9,0,0,0,0,0,0,0,0,0,0,0,0,12,0,0,0
"42",2020-03-05,0,0,0,0,16,2,0,0,0,1,0,0,0,0,1,0,0,0,0,0,0,0,0,0,0,0,0,0,0,0,0,2,0,1,12,0,0,0,0,0,0,0,1,3,0,0,0,31,0,0,0
"43",2020-03-06,0,0,0,1,8,6,0,0,0,0,1,0,0,0,0,1,0,1,0,4,3,0,0,1,0,0,0,1,0,1,0,0,0,1,8,0,0,0,2,0,0,0,0,1,0,0,0,8,0,0,0
"44",2020-03-07,0,0,0,2,22,0,0,0,0,4,2,1,0,0,1,0,0,0,0,0,0,0,0,0,0,0,0,0,0,0,0,2,0,0,45,0,1,3,0,1,2,0,0,4,1,0,0,24,0,0,0
"45",2020-03-08,0,0,0,0,14,0,0,0,0,3,0,0,0,0,1,1,1,0,0,16,2,0,0,0,1,0,0,0,0,0,2,1,0,2,30,0,0,8,4,0,0,0,2,3,0,2,1,20,0,0,0
"46",2020-03-09,0,0,0,0,6,4,0,0,0,3,5,0,3,0,0,1,0,3,0,0,0,0,0,1,0,0,0,0,0,2,0,0,0,0,36,0,0,0,1,0,1,0,0,2,0,0,0,0,0,0,0
"47",2020-03-10,0,0,0,2,43,5,1,0,0,2,7,2,5,0,5,3,0,1,0,19,3,0,0,0,0,0,0,5,0,0,0,10,0,0,8,3,1,0,5,0,4,0,0,3,1,6,0,45,3,0,0
"48",2020-03-11,0,0,0,3,34,17,2,0,1,9,6,-1,5,0,13,5,0,3,5,51,1,0,2,3,0,0,0,0,0,2,1,8,3,3,70,1,0,5,4,2,3,8,6,5,1,1,0,115,1,0,0
"49",2020-03-12,0,0,0,0,43,15,2,0,0,6,8,0,1,0,7,2,3,2,14,15,3,1,1,4,0,1,0,8,1,5,1,6,2,3,107,1,1,5,6,-2,-3,-1,9,6,0,3,1,160,4,0,1
"50",2020-03-13,1,5,9,0,60,29,6,0,3,20,11,0,3,1,14,0,2,4,10,16,6,2,21,5,3,5,1,2,0,4,0,20,5,8,94,7,0,6,19,9,1,1,8,17,6,15,0,126,11,0,0
"51",2020-03-14,0,2,3,3,91,25,12,0,2,26,31,2,0,1,18,3,2,2,48,15,9,0,12,7,0,0,4,8,0,4,1,20,3,2,192,14,1,6,6,8,11,0,6,16,1,10,3,74,8,0,1
"52",2020-03-15,0,4,-9,0,1,33,1,0,0,24,26,2,1,2,2,4,0,2,10,0,-3,-1,9,0,1,0,1,7,0,-1,0,3,0,0,2,4,0,0,0,0,0,0,0,3,8,0,0,-39,1,0,0
"53",2020-03-16,0,18,0,6,184,25,17,22,2,1,22,2,5,0,17,5,3,3,28,49,18,15,31,32,3,6,0,7,0,1,10,104,8,25,352,20,6,3,32,1,11,2,20,22,10,12,7,176,20,0,0
"54",2020-03-17,2,10,0,2,143,22,27,0,8,89,25,2,0,4,78,5,7,5,81,30,18,9,14,6,6,9,2,25,2,5,9,74,2,10,611,17,7,27,33,2,17,1,22,25,11,18,0,176,25,0,9
"55",2020-03-18,2,12,1,7,131,33,28,9,3,116,51,5,15,1,111,8,4,2,61,35,25,9,69,18,7,13,2,28,3,1,11,147,5,0,1460,22,0,9,43,10,13,0,26,86,8,12,1,67,38,1,5
"56",2020-03-19,3,27,58,18,178,62,63,9,11,126,90,10,6,14,150,22,13,22,135,76,22,17,155,12,21,16,1,44,13,5,5,344,7,40,2666,30,27,13,51,11,20,3,54,110,15,24,9,352,48,1,2
"57",2020-03-20,3,28,38,23,234,86,35,31,9,132,198,11,1,13,163,26,13,14,145,85,42,4,157,24,37,30,9,53,7,8,11,149,7,66,2699,54,5,26,105,10,46,0,69,123,33,20,7,150,60,6,3
"58",2020-03-21,2,25,22,36,169,111,0,27,6,199,70,0,24,6,168,42,9,23,226,110,44,14,154,21,10,60,7,67,2,1,8,437,13,0,3324,74,4,23,88,12,48,0,81,153,23,34,20,269,63,4,2
"59",2020-03-22,5,26,43,48,239,120,133,4,11,241,66,17,21,0,296,76,8,16,74,117,51,19,506,33,33,67,7,49,0,13,12,587,2,29,4073,109,14,24,110,17,22,7,89,61,44,63,3,204,99,4,3
"60",2020-03-23,12,39,27,83,462,128,88,18,12,223,151,3,15,26,236,66,19,20,335,137,46,18,323,67,103,42,0,48,2,0,28,930,26,55,5084,87,14,30,189,23,102,7,221,115,95,34,23,224,44,0,0
"61",2020-03-24,4,46,27,91,429,189,203,21,36,185,254,34,19,13,252,98,16,39,216,382,59,11,488,27,66,71,17,142,6,15,0,831,17,33,4797,124,25,19,248,18,44,2,158,197,41,39,20,107,56,6,3
"62",2020-03-25,7,139,61,75,467,175,257,46,15,270,221,1,22,10,328,109,34,35,407,679,76,24,526,25,91,57,14,95,9,5,7,727,13,45,5160,137,58,56,314,8,82,11,144,274,42,103,30,263,140,17,15
"63",2020-03-26,15,136,55,107,901,343,137,44,11,675,278,4,33,55,673,168,38,50,509,579,158,13,564,58,195,108,25,148,6,3,29,2474,0,97,7036,164,84,50,535,33,0,5,181,334,56,70,33,616,107,13,9
"64",2020-03-27,2,70,46,157,769,308,279,40,33,543,475,11,56,59,486,334,34,54,440,823,192,13,816,52,167,94,19,149,17,8,21,1949,23,116,6999,269,74,100,550,38,118,12,221,374,76,141,26,270,198,24,17
"65",2020-03-28,27,107,28,108,431,323,233,33,51,863,366,43,63,29,467,254,60,79,571,1017,220,43,1042,45,120,84,20,133,26,14,29,2299,72,90,7534,269,55,63,500,36,118,10,193,518,130,133,27,553,129,20,12
"66",2020-03-29,17,131,17,146,753,247,469,38,18,483,285,0,38,47,1105,280,64,58,225,698,244,42,863,62,70,96,25,171,4,12,27,2262,29,294,7238,247,52,69,587,55,114,22,209,337,118,150,24,435,109,17,4
"67",2020-03-30,12,74,47,238,1292,319,578,59,32,1227,157,26,88,59,460,273,42,41,485,797,174,22,1050,73,355,88,17,122,11,37,100,3250,0,92,7015,280,52,58,723,114,151,11,197,355,78,130,21,458,66,32,8
"68",2020-03-31,5,88,50,132,1078,339,557,94,55,1268,1121,29,73,175,938,372,62,149,1212,868,247,28,1148,53,261,90,27,222,13,27,43,2060,78,102,9170,266,87,84,808,80,158,7,474,662,90,229,37,509,182,17,15
"69",2020-04-01,13,73,61,124,1177,376,429,91,49,215,709,20,50,51,986,406,51,4,1187,1118,326,0,1766,60,253,136,10,140,20,38,10,3559,12,165,8115,348,153,46,1046,78,210,21,542,546,0,234,28,176,144,29,21
"70",2020-04-02,11,173,59,183,1380,386,267,67,25,2052,710,32,67,210,715,474,68,138,2725,1228,345,73,1513,53,200,104,33,302,17,36,112,3335,46,184,8558,354,160,90,1259,79,261,36,80,714,198,223,17,781,192,25,20
"71",2020-04-03,14,262,61,173,1226,445,1090,104,57,1260,483,63,85,115,1209,399,76,0,1148,1436,427,56,1991,46,121,181,2,274,14,33,0,4305,117,51,10481,411,109,73,1302,66,146,22,54,665,162,306,51,457,264,21,12
"72",2020-04-04,14,119,39,250,821,392,362,145,143,1269,329,32,88,131,1453,516,69,147,2199,1334,367,24,1514,77,348,97,22,235,13,42,61,4229,16,228,10846,427,171,0,1874,95,217,25,255,833,180,395,72,401,18,45,25
"73",2020-04-05,14,151,94,250,2197,385,399,100,80,813,487,20,82,56,902,458,53,38,514,764,492,14,1533,70,96,183,21,163,21,43,81,3381,118,113,9327,304,93,169,1145,116,132,28,311,642,173,233,51,578,290,42,10
"74",2020-04-06,5,187,38,191,990,233,1231,95,110,974,667,16,77,23,1003,545,98,0,1857,1337,428,29,1552,51,462,100,13,313,18,53,94,3585,62,98,8655,410,75,0,1538,160,183,48,169,834,77,238,31,486,129,21,13
"75",2020-04-07,23,217,71,115,1327,246,875,114,145,1221,1508,23,100,69,1291,554,63,194,1417,1365,326,20,1824,83,297,177,20,337,12,30,0,3326,108,171,8060,329,145,64,1726,147,185,32,337,882,61,457,32,381,129,67,6
"76",2020-04-08,13,159,54,151,1546,226,0,229,188,911,1079,0,99,40,1525,433,134,0,746,1588,1158,18,1432,85,184,88,13,200,14,72,32,3021,27,135,11186,366,52,49,1778,221,0,73,224,852,109,310,30,584,132,71,5
"77",2020-04-09,9,375,119,292,813,547,2003,83,93,908,665,32,125,22,1344,408,70,192,1253,2151,656,23,1221,86,243,257,22,237,18,49,72,3590,44,197,10718,364,160,140,1669,277,376,54,271,1431,8,397,23,363,176,31,9
"78",2020-04-10,11,244,52,94,1371,311,754,137,117,1167,919,0,118,122,1465,556,1,352,970,2033,783,26,982,96,395,209,11,229,9,67,0,3561,216,266,10569,366,108,1,1751,0,274,89,257,897,247,467,51,480,182,60,9
"79",2020-04-11,11,270,57,281,636,380,972,118,153,963,674,23,122,42,1293,528,158,0,761,1886,726,30,1221,91,246,173,12,389,15,64,66,3563,10,-20,8678,372,74,49,1668,622,144,90,241,918,104,568,32,315,145,3,22
"80",2020-04-12,15,346,52,149,1083,414,525,97,146,1401,293,34,77,11,1672,493,69,270,581,2615,531,17,683,194,139,139,10,216,15,92,44,3699,154,134,8007,354,102,156,1219,316,109,104,376,654,96,197,16,175,128,16,9
"81",2020-04-13,5,171,130,163,1134,389,1346,80,133,1124,863,5,123,19,1173,431,46,55,421,1392,711,65,1439,0,180,161,7,316,23,23,56,2734,17,154,6716,371,99,57,1354,0,71,138,102,598,60,473,21,26,87,18,5
"82",2020-04-14,8,219,88,104,1455,254,608,103,168,609,1263,7,189,38,1223,168,51,30,502,1297,536,37,1420,74,166,145,5,227,10,83,-63,4240,83,144,7271,310,115,49,1173,586,162,120,217,731,54,435,4,164,127,29,7
"83",2020-04-15,8,122,71,155,1297,330,766,139,88,883,409,13,96,9,1345,433,63,162,433,1755,560,35,1102,114,125,273,5,227,24,4,217,2206,139,77,11434,509,79,30,1288,0,103,180,0,901,131,318,7,143,166,62,5
"84",2020-04-16,7,270,51,273,991,395,1129,153,56,832,682,6,146,114,1141,582,111,225,581,2262,752,26,822,0,303,264,11,299,28,51,0,4287,0,3,9237,620,94,73,1505,278,275,143,339,969,135,389,15,115,154,26,9
"85",2020-04-17,9,226,75,274,1480,372,925,126,247,1416,1525,11,191,22,1844,612,115,87,586,2804,788,31,1259,261,212,169,7,406,0,114,148,3150,113,310,6906,693,108,49,1630,648,168,100,97,973,110,602,5,460,178,47,9
"86",2020-04-18,5,141,49,213,1354,393,741,190,221,733,475,33,181,46,1582,487,91,185,462,1978,754,20,806,139,193,181,4,283,135,183,55,2953,201,102,6877,1115,0,59,1764,314,149,131,326,855,124,562,24,259,146,10,4
"87",2020-04-19,5,176,37,209,920,290,412,127,0,822,632,6,389,13,1197,570,84,253,348,1711,521,20,657,147,168,300,7,273,57,225,48,3881,47,102,5908,1380,102,66,1250,215,129,93,481,556,152,489,10,202,147,105,4
"88",2020-04-20,2,191,192,135,2255,382,1853,134,207,745,1106,4,257,4,1156,477,143,90,595,1578,837,8,636,114,162,238,0,294,42,174,57,3421,126,102,5034,1317,113,47,1012,384,69,50,168,491,144,448,3,136,153,12,4
"89",2020-04-21,8,238,17,188,1794,361,545,171,186,810,474,2,482,64,1546,409,116,154,331,1580,509,13,724,97,199,204,4,239,17,37,43,3665,0,107,5103,806,127,47,1335,410,-7,70,156,913,84,640,2,278,126,6,126
"90",2020-04-22,6,276,286,217,1872,418,2109,108,269,440,1333,6,107,30,2048,341,167,174,404,1782,582,19,1356,155,191,178,2,361,35,128,98,3527,239,144,4703,392,87,55,833,341,322,103,0,657,148,636,5,204,220,31,4
"91",2020-04-23,2,239,323,299,2209,387,631,155,108,1339,669,4,176,70,1830,601,390,101,481,3113,962,30,1441,220,267,259,3,325,30,389,82,4111,169,127,5238,577,123,68,2297,415,156,98,872,1329,167,732,2,157,207,42,6
"92",2020-04-24,2,194,211,273,1794,978,836,167,134,885,608,5,521,34,2721,642,238,300,401,4973,879,28,1485,243,243,281,2,470,39,222,50,2171,142,190,8130,475,104,50,1829,443,153,84,462,992,170,596,2,224,304,29,20
"93",2020-04-25,0,0,101,241,1013,712,647,171,134,306,731,4,647,17,2119,718,176,136,372,2435,1150,0,459,261,165,284,1,478,55,295,77,3302,139,141,10553,418,73,76,945,430,183,107,461,511,166,772,16,342,331,0,18
"94",2020-04-26,1,395,90,248,1191,473,686,142,458,693,264,1,384,10,2126,613,142,170,261,1618,815,50,751,156,167,193,3,229,64,311,67,3540,66,195,5902,385,60,58,1463,310,245,65,478,814,175,604,8,202,225,45,11
"95",2020-04-27,5,118,68,191,1413,438,728,51,128,606,816,1,392,0,1980,949,196,71,295,1542,906,8,494,209,169,183,1,324,75,328,74,2150,99,-34,3951,353,27,43,942,269,115,32,251,445,113,568,4,165,169,8,18
"96",2020-04-28,6,211,58,230,1192,437,315,102,413,710,620,2,508,55,2219,627,179,219,218,1898,626,17,1132,370,147,248,2,434,49,159,72,2668,149,121,3110,444,129,31,1579,219,122,69,134,945,109,801,7,156,208,32,16
"97",2020-04-29,4,162,66,254,2583,442,455,112,80,345,853,4,467,0,2256,594,187,162,374,2008,736,16,1213,463,170,227,0,425,42,334,48,2509,239,113,4585,534,63,61,1190,320,147,60,314,1012,152,623,0,228,231,15,9
"98",2020-04-30,0,176,88,446,1383,526,933,217,79,497,489,5,302,32,2560,653,574,171,341,2010,893,39,1099,492,195,246,2,574,34,430,88,2287,198,119,4681,724,145,64,1644,374,213,76,369,1358,175,885,4,257,334,15,14
"99",2020-05-01,9,206,56,314,1896,509,1064,335,184,1038,1225,1,739,31,3137,795,221,174,710,2177,1730,28,1046,594,234,397,0,316,40,727,164,2538,102,195,3942,716,130,69,1608,341,163,76,1156,965,156,1055,13,310,460,27,7
"100",2020-05-02,1,317,35,395,1321,432,523,139,120,735,842,1,759,46,2450,665,251,-3,429,2050,1001,30,900,502,259,229,2,518,46,309,119,2527,219,141,4663,592,103,56,915,327,231,63,770,1225,157,836,7,366,346,33,13
"101",2020-05-03,3,277,65,276,1556,410,0,219,170,615,334,0,532,0,2994,638,271,251,200,1880,989,32,623,431,263,109,0,182,38,344,89,3027,118,83,3438,579,121,45,731,188,137,43,516,1081,190,934,11,182,304,10,7
"102",2020-05-04,2,224,54,284,981,283,686,154,80,819,786,1,528,45,2278,574,227,115,333,1070,946,20,301,571,286,327,2,201,34,376,70,1525,181,158,2538,560,72,79,1591,175,131,37,394,785,142,821,5,277,272,29,10
"103",2020-05-05,1,325,34,381,2572,449,648,152,83,542,547,4,408,21,2112,526,265,577,323,1266,709,21,566,617,197,330,-1,539,41,336,48,2324,107,30,2239,495,83,80,1048,281,84,53,119,1129,132,764,5,132,330,22,8
"104",2020-05-06,1,254,86,402,2160,465,374,139,407,563,745,1,293,31,2343,837,345,112,403,1884,1046,28,824,728,252,217,0,543,57,316,105,1297,153,81,2786,607,75,77,936,272,95,59,248,1016,146,728,1,311,335,-4,27
"105",2020-05-07,2,355,92,238,1532,538,789,193,161,826,875,3,655,20,2639,633,339,195,253,1800,1211,76,674,786,236,262,0,487,48,645,102,2101,202,114,3491,555,128,73,1156,325,206,126,158,1108,129,585,8,326,314,45,4
"106",2020-05-08,3,339,44,581,1652,457,627,245,172,371,563,0,398,0,2889,643,335,159,203,1752,1111,44,758,723,146,404,2,466,54,484,104,1849,180,65,2938,885,94,79,1415,249,225,239,345,1210,195,772,3,157,375,36,9
"107",2020-05-09,1,283,0,434,2772,548,573,203,166,802,407,2,214,27,2325,586,162,152,562,1471,1049,34,506,702,159,288,0,472,39,275,64,1557,105,251,2715,681,66,92,1189,210,164,248,327,1148,184,854,2,286,349,0,9
"108",2020-05-10,1,221,265,159,1028,328,570,170,0,595,992,1,288,25,1656,394,122,0,183,1115,1053,28,410,481,117,123,0,460,27,78,60,1357,85,-51,2273,384,99,68,1379,285,122,124,217,864,148,885,6,217,280,37,9
"109",2020-05-11,0,275,31,264,1729,176,211,117,288,386,422,2,414,30,1266,501,208,237,215,733,786,26,545,528,107,173,1,336,27,236,89,1452,206,32,1660,696,24,58,520,176,139,97,559,1297,111,989,-1,231,199,6,7
"110",2020-05-12,4,300,121,353,1651,278,568,96,176,941,922,1,539,33,4014,500,81,176,235,961,688,15,632,695,117,234,2,348,53,125,79,711,143,161,1430,473,119,72,851,164,135,49,567,1113,70,730,1,208,193,12,6
"111",2020-05-13,0,236,72,480,1818,318,522,99,211,479,503,3,377,0,1673,346,278,0,612,1287,751,38,556,423,191,182,1,730,76,380,60,643,152,163,2176,471,126,58,791,221,103,69,259,1352,188,946,2,182,291,20,13
"112",2020-05-14,0,401,130,458,2073,363,609,152,271,808,550,-1,386,58,3243,580,187,372,827,1803,1091,50,1348,518,164,393,0,616,65,348,83,1144,139,28,2390,636,105,63,1004,181,159,60,329,1460,129,1067,3,261,373,29,13
"113",2020-05-15,5,272,97,495,1822,394,621,135,150,928,795,1,374,0,2432,603,181,219,348,1326,1083,38,643,805,189,318,4,526,49,350,71,1280,159,229,2762,597,124,62,1031,203,218,95,261,1241,164,859,1,178,410,20,15
"114",2020-05-16,0,301,115,497,2032,401,618,171,174,673,440,1,279,68,2088,624,53,244,280,1588,982,45,505,729,176,322,2,636,87,610,103,1105,185,80,2419,520,150,71,1049,215,254,72,303,1731,155,1011,1,337,502,23,25
"115",2020-05-17,0,97,181,279,1441,305,716,81,123,777,367,1,323,0,1734,498,14,0,315,1126,836,39,648,699,123,173,0,543,52,-43,40,1415,91,136,1889,449,73,11,515,240,155,28,96,944,170,705,6,145,356,22,13
"116",2020-05-18,0,315,54,263,1352,264,697,147,199,854,704,0,304,36,2294,477,350,247,277,1066,958,26,892,704,148,136,2,534,31,448,56,1736,158,112,1250,531,88,64,969,121,126,40,652,781,146,752,0,178,144,10,12
"117",2020-05-19,12,290,110,368,2246,280,314,164,168,502,572,1,341,0,1545,450,50,134,329,955,1784,28,610,657,132,272,1,32,63,229,69,1116,96,35,1474,498,91,39,642,156,114,58,401,1375,134,1005,4,200,198,0,10
"118",2020-05-20,1,676,80,330,2254,315,587,117,157,527,946,2,324,51,2388,569,154,98,278,1133,777,78,857,641,176,263,7,1023,101,268,147,1420,125,292,1525,484,43,75,815,405,119,92,0,1307,192,763,0,160,528,65,11
"119",2020-05-21,0,236,455,442,2038,394,191,237,192,1204,862,4,550,0,2270,662,118,119,1188,1206,1208,58,666,530,147,255,1,250,134,305,67,810,155,12,2088,731,148,16,1126,215,206,0,549,1194,164,1229,6,146,472,26,14
"120",2020-05-22,2,382,154,276,2225,296,432,105,143,776,819,-5,322,89,2756,473,284,140,421,936,893,71,555,805,211,403,0,1598,88,235,79,993,153,125,1696,627,169,47,959,165,257,179,433,486,183,813,2,148,511,112,2
"121",2020-05-23,4,447,163,429,2283,477,382,73,0,676,760,1,406,0,2352,492,37,145,0,845,1071,65,503,840,159,380,0,754,48,301,75,561,0,1,1772,614,111,24,798,216,257,108,391,1237,203,799,2,0,481,0,10
"122",2020-05-24,0,361,147,324,1505,210,446,144,280,740,660,0,353,31,2508,475,58,0,244,1067,818,42,349,728,249,255,0,501,53,171,60,1014,318,355,1589,503,77,39,554,113,201,99,326,1085,132,495,2,563,400,54,25
"123",2020-05-25,1,508,107,198,2401,82,405,115,156,879,498,0,306,0,1713,339,121,0,640,658,839,19,226,742,155,198,0,692,39,228,48,938,83,75,1249,566,53,22,362,0,82,23,424,548,129,1483,6,237,307,15,5
"124",2020-05-26,2,664,151,289,3022,296,430,109,101,509,583,0,146,0,1178,363,74,380,245,460,535,35,353,645,172,273,0,398,-35,257,34,672,104,101,1072,529,48,18,853,145,238,67,360,821,99,1615,5,116,279,0,7
"125",2020-05-27,1,382,97,454,1579,202,-15,72,30,379,655,1,666,73,1111,359,92,126,443,602,736,28,618,504,151,313,2,461,17,365,55,864,122,93,1129,433,91,71,779,143,207,57,390,1312,86,907,4,225,599,125,10
"126",2020-05-28,13,498,261,559,2742,353,271,86,75,651,628,3,217,71,1527,631,80,108,305,770,1286,52,524,483,211,328,4,884,42,265,103,557,112,98,1768,476,44,48,663,141,165,83,394,1853,215,1152,3,358,512,36,16
"127",2020-05-29,5,501,239,595,2825,491,203,46,65,1212,615,2,371,0,1622,490,291,279,0,682,1279,37,717,584,150,421,8,1085,39,399,103,1659,129,128,1551,651,65,45,764,141,343,73,384,506,343,1132,1,307,733,16,15
"128",2020-05-30,4,328,236,786,3257,486,260,179,186,927,450,2,287,33,1462,653,28,240,775,893,1027,56,392,659,167,436,12,909,34,257,0,764,131,141,1376,467,80,54,713,184,263,94,503,1993,269,1078,2,278,523,38,7
"129",2020-05-31,26,593,240,678,2056,280,179,84,76,739,732,1,308,36,1343,363,10,0,339,695,763,43,486,660,173,294,10,991,23,196,159,837,65,111,1110,480,0,58,432,109,467,33,0,1758,264,996,4,353,173,21,5
"130",2020-06-01,7,678,190,193,2782,199,539,56,107,667,839,0,147,0,974,256,220,342,425,337,549,24,217,358,214,229,4,807,48,244,34,473,111,74,941,471,155,59,517,63,287,41,0,941,202,791,2,275,140,18,7
"131",2020-06-02,20,136,375,1135,2482,211,239,29,80,617,305,1,320,94,1614,407,45,139,405,358,848,28,312,300,268,289,4,431,21,271,64,627,224,156,1329,366,119,33,579,121,271,33,1776,1717,203,841,5,180,374,28,2
"132",2020-06-03,18,85,249,1092,2159,272,112,130,27,1317,687,0,281,0,982,475,127,225,387,429,807,41,417,362,243,281,2,1253,33,269,46,523,116,93,1045,442,113,64,555,107,51,95,491,1567,295,666,2,327,483,21,3
"133",2020-06-04,8,221,358,530,2820,300,148,104,34,1419,965,2,506,57,929,384,75,295,429,471,876,28,322,403,288,238,14,799,27,254,81,462,213,178,1048,490,102,75,555,106,56,85,357,1678,316,951,36,245,492,25,6
"134",2020-06-05,11,315,226,1553,3589,255,221,79,27,1305,762,9,348,121,1156,482,139,272,427,494,912,36,842,707,167,209,2,1220,39,267,77,806,319,180,1075,476,100,96,480,116,932,30,474,1993,439,676,1,264,357,17,12
"135",2020-06-06,12,656,450,1012,2823,233,358,70,72,1270,738,9,324,28,975,419,55,310,497,575,712,42,93,521,289,270,-1,1423,71,166,66,557,128,182,1108,353,52,0,690,0,80,90,513,1922,546,865,19,449,322,17,6
"136",2020-06-07,8,457,325,1538,2051,153,150,63,97,1180,539,2,234,0,867,400,45,0,330,304,491,46,55,385,90,231,5,907,45,92,24,271,140,178,781,365,91,92,403,0,764,71,316,938,268,1284,17,287,264,8,8
"137",2020-06-08,19,425,314,689,3159,182,124,57,30,966,599,1,295,50,658,226,138,189,234,190,431,18,135,338,223,498,3,892,19,122,36,333,122,147,702,361,55,260,431,201,498,33,512,1055,256,570,12,312,203,17,13
"138",2020-06-09,10,497,340,618,2865,164,87,85,48,1096,752,6,230,32,797,410,65,231,562,263,500,18,63,299,211,355,6,710,21,132,0,299,43,229,683,325,158,66,531,49,428,52,570,1745,237,487,9,313,270,8,10
"139",2020-06-10,20,567,288,1556,3034,151,168,63,36,1371,731,3,389,39,625,304,141,176,418,267,561,31,15,346,188,360,7,1246,40,140,99,550,145,173,674,413,120,72,446,65,531,81,355,2569,305,439,11,0,285,25,10
"140",2020-06-11,17,856,448,1415,3724,148,114,52,50,1698,993,7,347,0,766,411,73,62,442,511,732,30,267,447,192,0,2,1111,39,257,31,470,117,255,736,429,143,177,532,106,682,61,410,1881,388,470,15,425,333,23,29
"141",2020-06-12,15,865,731,1772,3220,175,228,65,67,1902,810,14,377,93,595,398,150,221,523,392,416,54,223,479,51,608,10,1833,36,207,42,348,159,231,822,420,223,140,633,85,729,77,778,2269,325,564,9,392,320,32,18
"142",2020-06-13,29,891,548,1621,3375,195,305,55,56,2581,1021,17,367,0,673,397,47,279,1288,336,692,36,164,377,235,257,15,1428,42,118,48,441,95,293,916,427,224,0,463,0,785,91,431,1988,404,658,6,367,272,25,23
"143",2020-06-14,7,1014,406,1046,2315,113,94,58,35,2016,877,5,209,46,672,366,81,0,336,208,396,36,218,299,30,168,13,1419,22,90,19,276,102,204,694,297,158,259,259,0,840,65,794,1608,332,637,2,296,240,16,10
"144",2020-06-15,3,657,416,1138,3377,169,147,32,76,1758,733,8,156,0,473,521,218,202,553,87,331,17,31,222,349,283,8,850,21,121,27,222,122,114,620,428,186,184,386,146,583,30,661,1688,295,380,1,324,174,32,19
"145",2020-06-16,12,640,274,2341,3235,143,114,19,63,2783,664,0,97,63,623,356,92,0,534,195,377,9,184,189,246,353,5,793,23,187,19,323,88,368,631,434,228,278,389,71,612,38,747,3358,329,445,3,373,266,19,10
"146",2020-06-17,20,400,415,1752,3837,229,80,29,41,2610,952,8,281,170,546,227,233,348,928,266,560,17,228,414,212,489,16,1027,42,193,72,277,132,171,567,412,259,120,311,49,566,84,363,4130,407,444,-1,253,258,35,25
"147",2020-06-18,12,894,322,2508,4335,230,11,56,55,3207,882,18,401,111,593,425,109,202,0,271,260,42,301,379,302,0,25,1233,27,183,14,404,88,315,618,700,451,148,394,56,977,59,656,3560,495,463,5,408,420,42,30
"148",2020-06-19,13,796,703,3465,3729,286,117,49,112,3822,1097,27,413,128,692,308,268,257,-119,228,319,35,299,356,296,0,11,1618,33,174,36,389,107,355,796,609,352,206,516,68,1075,49,1247,4135,586,555,9,409,278,50,29
"149",2020-06-20,21,547,511,3217,4381,161,158,32,70,4049,1800,0,222,133,634,315,76,176,870,286,408,25,448,436,390,0,32,1605,25,119,32,338,170,452,716,530,331,178,391,0,1148,67,429,4187,643,650,3,624,385,32,6
"150",2020-06-21,11,472,419,2464,3414,191,40,36,94,3494,892,25,467,2,658,362,39,120,393,125,350,19,166,453,403,0,19,1411,37,105,26,308,135,264,664,547,478,187,345,0,905,72,656,3363,394,551,12,455,280,33,18
"151",2020-06-22,6,433,522,2008,6108,165,27,38,45,2926,1227,2,183,250,462,210,292,89,461,149,297,14,246,307,133,1688,17,1163,25,151,14,273,129,288,552,729,218,146,641,122,1005,29,451,4846,444,471,4,190,249,19,33
"152",2020-06-23,2,643,595,3779,6712,188,117,36,27,3286,1882,3,323,-2,601,238,109,302,1356,229,404,25,240,242,412,569,9,675,7,136,13,319,144,469,597,590,297,191,632,74,906,27,750,5142,394,529,1,516,263,41,24
"153",2020-06-24,29,967,697,1812,4547,262,14,34,42,5511,1571,16,132,148,715,269,393,222,882,172,330,21,358,294,118,526,23,1888,42,122,27,158,152,365,581,632,479,170,477,73,1325,66,932,5200,484,520,20,483,432,38,28
"154",2020-06-25,24,1142,687,3091,5088,324,81,31,91,5004,1714,16,772,463,894,515,177,254,938,226,440,53,434,360,514,1092,37,945,31,125,40,304,202,497,749,892,438,124,456,34,1125,60,799,6426,590,432,7,498,464,63,44
"155",2020-06-26,20,977,678,3378,5732,317,65,26,37,8942,1900,15,344,0,857,485,355,242,1354,233,338,32,340,493,579,550,26,1686,28,178,33,388,216,381,805,987,399,250,719,21,1313,56,1410,5615,676,624,7,488,520,36,42
"156",2020-06-27,18,900,570,3465,3848,226,147,31,74,9585,1990,6,356,457,786,435,155,308,0,373,335,52,350,417,356,465,23,1654,37,251,46,289,211,1099,703,817,299,276,586,0,1604,91,728,5721,578,677,2,549,539,52,24
"157",2020-06-28,29,358,508,3796,4795,284,97,32,135,8530,2225,27,447,0,646,355,230,65,1467,224,327,37,267,516,224,361,11,1436,37,124,30,309,190,821,616,854,301,247,417,0,1381,55,0,4828,472,489,2,348,457,50,25
"158",2020-06-29,21,1734,439,625,8159,204,59,44,150,5266,2207,1,325,430,738,298,362,115,845,101,477,28,277,312,519,675,56,1488,44,143,13,90,173,734,391,737,228,144,604,103,1324,35,2125,5984,564,453,6,501,315,38,33
"159",2020-06-30,36,870,520,4683,7772,204,152,35,98,6093,1874,17,229,365,724,366,161,277,1014,114,305,34,505,442,497,680,48,1591,37,135,22,395,165,562,524,743,582,171,672,49,1755,48,1212,6354,553,598,0,571,601,35,37
"160",2020-07-01,38,917,420,4877,7263,314,58,38,36,6563,2951,9,440,253,828,358,460,218,2083,261,359,41,361,413,292,653,49,1424,39,133,20,261,129,645,625,1076,362,275,636,40,1520,62,1806,9308,499,416,2,611,540,74,27
"161",2020-07-02,39,1149,878,3340,7869,323,74,25,221,10109,3467,20,745,223,869,435,172,237,1383,195,505,34,589,494,532,870,67,1465,42,142,20,428,244,632,875,1301,412,363,837,88,1782,67,1575,6769,554,532,17,716,539,74,36
"162",2020-07-03,46,1754,547,4427,3964,260,71,45,192,9488,2784,29,204,401,868,528,657,297,1728,290,538,45,497,414,524,914,45,2046,65,208,35,386,256,985,918,1091,538,342,780,50,1831,85,1822,7662,596,658,9,627,579,73,32
"163",2020-07-04,47,997,587,2695,2381,254,0,12,73,11458,2826,24,598,376,862,517,252,0,0,210,380,24,406,0,423,990,39,1408,57,167,15,291,287,857,726,926,579,294,530,0,1854,50,1428,7159,676,716,2,469,738,79,24
"164",2020-07-05,27,1091,605,3536,11786,199,0,35,132,10059,2197,24,456,363,639,769,170,0,1937,136,291,18,360,512,233,226,45,1322,37,102,25,369,193,843,533,967,283,300,481,0,1461,35,1176,3463,410,639,11,651,522,57,28
"165",2020-07-06,28,925,439,3352,6354,192,259,33,165,6336,1548,7,241,319,614,323,557,776,1101,163,272,8,326,433,395,357,37,1783,33,117,17,209,251,491,518,806,431,165,697,0,1533,42,723,8221,517,354,2,1087,484,180,41
"166",2020-07-07,18,907,259,3639,12977,407,57,54,121,7347,3406,41,395,487,1709,102,222,367,1936,201,492,17,633,564,707,957,78,1515,49,155,18,267,220,876,588,948,858,210,798,163,972,58,1475,10384,564,638,3,435,495,63,34
"167",2020-07-08,42,1177,734,3520,8548,452,75,73,48,9989,3420,23,471,430,980,437,472,400,1888,264,465,20,651,456,672,674,44,1397,73,224,20,161,290,516,692,1277,674,212,827,50,1557,79,2472,8903,722,635,2,521,598,202,31
"168",2020-07-09,46,2212,806,4057,9924,408,101,37,69,8935,2837,36,630,460,1018,512,453,326,1843,295,586,26,512,574,820,703,95,1969,100,198,21,231,234,603,584,1150,603,371,817,39,1782,94,1605,11612,601,613,16,640,754,119,29
"169",2020-07-10,55,1334,751,4221,8401,666,78,64,121,11433,4490,28,918,500,1327,725,518,427,2642,213,463,13,622,604,659,1031,127,2376,84,154,18,358,298,1004,786,1525,595,266,940,69,1728,65,1955,9379,867,943,5,637,845,157,21
"170",2020-07-11,62,1439,1061,3038,7876,400,0,58,91,10360,3184,42,486,577,1195,779,384,449,2167,288,557,21,685,804,537,797,84,1874,88,221,33,331,224,930,730,1358,687,397,734,0,2280,53,1460,8495,632,851,6,0,926,163,49
"171",2020-07-12,94,1640,503,2537,5782,322,0,46,61,15300,2534,20,752,397,954,533,294,268,1319,199,642,19,406,710,274,868,81,1865,91,174,30,339,255,845,677,1378,456,319,578,0,1949,45,954,8347,629,888,13,1438,769,98,23
"172",2020-07-13,60,1958,572,1357,8814,323,223,59,75,12624,3637,23,221,501,883,425,664,264,1705,230,418,19,422,491,409,393,85,1898,108,227,14,224,263,832,557,1261,511,268,536,175,1520,25,3314,7016,546,972,5,1101,494,69,41
"173",2020-07-14,40,1710,873,4273,12854,450,20,40,90,9194,3391,21,235,316,707,648,242,570,2215,303,733,8,666,398,951,862,109,2331,51,318,23,393,223,1104,912,1142,994,367,936,101,2221,48,1514,9799,448,801,4,547,964,94,47
"174",2020-07-15,52,1812,485,3257,8674,469,106,80,81,10181,3875,28,670,729,1187,685,462,454,2089,217,756,12,1049,572,817,1025,144,1837,72,262,22,363,327,849,831,1316,1074,276,1003,52,1856,80,2273,11315,413,1084,13,742,821,150,35
"175",2020-07-16,62,2021,817,3259,9821,571,114,50,64,13965,3449,19,814,685,1257,710,468,406,2280,234,648,20,926,605,816,1230,135,1871,103,155,26,223,297,1447,769,1290,626,428,806,71,1838,42,2479,14962,954,904,7,1267,900,100,41
"176",2020-07-17,41,2003,648,3910,8553,618,143,39,223,11466,3905,23,553,619,1427,733,571,522,2179,298,707,38,754,666,865,1032,135,1862,124,227,26,50,318,1380,776,1679,700,293,1004,82,1977,95,2279,11914,727,1002,9,754,880,126,43
"177",2020-07-18,62,2143,771,2742,7486,444,0,79,92,10328,4688,20,410,550,1276,841,305,579,0,359,835,9,745,457,966,1017,105,2522,115,120,23,263,280,1182,754,1541,917,347,701,0,1552,73,2517,9338,760,940,4,959,978,111,39
"178",2020-07-19,79,1777,695,2359,6161,354,0,67,90,12478,3249,27,500,571,965,917,303,977,3116,296,925,42,530,734,817,792,62,1711,112,102,15,-31,235,1288,502,1111,209,430,604,0,2374,44,1779,8151,785,1057,12,920,830,96,18
"179",2020-07-20,75,1880,699,1559,10964,424,162,78,105,10347,2453,12,530,394,1172,635,660,253,3186,255,554,24,527,903,581,1251,87,1428,107,264,46,180,244,948,519,1236,170,268,1021,111,1459,37,1639,8526,409,945,10,797,703,94,61
"180",2020-07-21,92,1467,728,3500,11435,493,41,88,122,9440,3406,25,378,555,942,710,273,646,1691,244,860,12,664,350,1092,1635,91,1985,81,343,13,293,302,815,855,1047,890,292,1055,82,1892,76,2190,7288,486,996,6,832,1117,88,51
"181",2020-07-22,89,1455,591,1926,11981,639,127,102,46,9785,3314,17,487,499,1611,757,552,480,2771,287,627,-1,671,504,1303,1547,101,2060,160,296,33,389,311,1129,705,1527,972,254,763,76,1705,58,2473,12544,566,1022,0,672,712,40,50
"182",2020-07-23,62,2399,1013,2335,9487,615,9,42,132,10249,4305,55,588,415,1621,929,475,607,2296,327,664,15,701,760,1563,982,97,1849,126,332,23,242,335,1262,811,1444,671,320,882,86,1564,66,2570,9422,521,844,11,762,1052,240,59
"183",2020-07-24,56,1793,990,3357,9412,667,544,78,278,12444,4813,59,638,528,1600,996,598,785,2084,338,930,20,641,767,1575,1532,129,2603,121,356,57,458,312,966,753,1560,1147,391,1187,76,2001,57,2091,7327,863,1127,8,815,1018,201,58
"184",2020-07-25,90,2125,732,3740,6267,809,0,68,-27,12199,3768,71,452,561,1426,922,455,832,0,283,1288,33,550,803,1399,1396,221,1693,122,221,40,513,313,931,750,1438,965,388,823,0,1401,105,1718,9922,661,1245,11,1025,953,122,41
"185",2020-07-26,186,1164,642,1973,5836,547,0,63,115,9344,2765,63,471,352,1541,852,281,318,3840,369,694,24,1039,862,1126,1173,82,1516,140,223,21,505,254,1027,536,889,1204,266,630,0,1191,90,3140,3798,350,958,4,786,957,114,29
"186",2020-07-27,98,1821,824,1813,5833,229,207,78,116,8892,2890,28,339,514,1231,535,514,504,2343,289,1128,18,512,650,1329,627,39,1979,110,281,5,449,460,988,608,1104,1400,330,1250,291,1218,49,2553,6252,436,1505,2,686,590,110,45
"187",2020-07-28,107,1251,734,2107,12641,749,94,87,70,9230,4209,46,232,528,1074,771,254,525,1121,256,648,6,785,478,1692,1304,94,1784,155,258,59,483,289,1105,534,1320,1090,320,1088,210,1692,48,2555,8157,446,922,3,884,762,121,69
"188",2020-07-29,68,1416,787,2339,14151,482,463,54,126,9446,3271,108,695,454,1395,621,533,616,1735,502,761,28,1016,666,1761,1719,202,1687,86,265,13,305,345,870,715,1396,848,313,856,75,1737,149,1778,10502,339,999,1,780,870,157,39
"189",2020-07-30,81,1980,791,2525,8021,408,130,58,87,9956,3963,124,662,568,1772,954,294,659,1708,414,892,22,807,745,2197,1775,138,2145,74,344,31,370,252,1018,777,1733,1117,410,868,150,1726,44,2049,9234,502,911,1,818,1059,98,58
"190",2020-07-31,111,1961,752,3212,7622,605,140,69,99,9007,4066,122,468,474,1980,901,479,765,1799,514,1169,24,793,771,1477,1168,151,1766,168,445,39,690,212,1264,644,1533,747,361,980,72,1444,79,3088,10064,500,984,7,0,832,204,40
"191",2020-08-01,146,1626,662,2992,6057,458,0,79,89,9642,3660,86,540,394,1639,968,228,572,0,428,1019,25,758,725,1016,1134,116,1708,133,180,31,369,196,986,753,928,1244,325,681,0,1583,103,2225,6445,506,913,7,1738,1062,159,43
"192",2020-08-02,144,2095,637,1465,5562,460,0,69,72,7104,3165,45,430,0,1470,735,279,462,3467,418,909,21,426,759,552,672,112,1324,58,311,20,321,220,1131,531,944,494,280,565,0,1189,88,1443,3407,473,981,5,632,922,120,39
"193",2020-08-03,61,1217,787,1030,4676,241,252,39,106,4752,2258,206,182,560,1298,576,561,323,1099,199,870,12,616,613,1030,572,40,2300,125,254,26,264,114,994,545,932,377,269,861,224,1163,65,1009,8479,354,1324,1,542,404,120,40
"194",2020-08-04,53,1041,784,1008,9834,426,48,85,82,5446,2513,143,326,566,1471,822,350,689,3615,546,710,7,801,602,1208,1074,81,1085,148,222,33,356,210,980,746,1143,861,333,830,144,1239,59,1805,9408,378,1145,4,664,728,81,36
"195",2020-08-05,54,952,912,1698,3921,594,115,45,159,5409,3765,172,605,472,1759,720,474,544,1482,440,572,17,718,617,1192,1245,115,1018,124,311,26,357,226,649,636,1199,1101,279,722,91,1282,89,1657,10967,421,798,5,705,884,103,39
"196",2020-08-06,35,1938,735,1453,10733,448,20,75,69,7650,3182,151,723,693,1953,1040,361,513,1303,231,579,5,763,861,1159,956,173,2069,120,332,23,374,207,729,703,1166,837,246,801,130,1325,105,2252,6921,587,818,9,833,839,116,30
"197",2020-08-07,53,1709,1011,1397,5475,457,75,71,80,7686,4109,201,481,524,2103,1239,520,542,1500,417,801,17,814,545,1064,1036,155,1535,150,283,37,360,192,976,714,1204,854,411,781,127,1422,98,2432,7384,460,2015,3,670,989,174,47
"198",2020-08-08,77,1872,772,1054,7574,431,0,64,57,8502,4423,231,495,572,2190,1033,326,782,0,420,775,12,721,916,184,1210,132,1611,181,141,39,368,150,886,703,1294,825,375,637,0,1241,106,1803,6328,376,1307,6,936,1165,111,15
"199",2020-08-09,98,1161,572,816,5358,336,0,100,73,6229,3169,152,384,178,1382,1041,199,404,2653,329,922,16,535,797,1362,527,63,1398,88,187,17,344,200,811,515,879,486,262,647,0,975,128,2127,5696,376,897,5,549,621,132,35
"200",2020-08-10,63,1686,645,600,14485,378,247,54,59,4155,2429,140,246,429,1319,664,521,272,562,275,755,7,580,618,976,476,65,1216,117,264,5,258,129,742,476,883,397,216,909,196,724,58,1202,6253,263,663,3,575,507,62,-8
"201",2020-08-11,45,831,383,1214,4715,402,117,89,65,5831,3563,118,356,494,1549,870,285,539,1164,392,585,1,907,323,1081,644,87,1181,172,334,21,444,199,548,667,1095,765,286,795,119,971,50,1001,8119,362,996,10,504,724,122,31
"202",2020-08-12,60,935,685,706,12430,315,22,63,66,8109,3565,202,452,536,1645,660,629,1152,1179,0,541,18,476,464,1516,1081,164,996,85,214,26,463,173,528,700,1422,670,248,902,76,844,102,1478,6277,338,776,6,551,478,139,13
